trip_id,co2_emission
134728:303921,11.614773333333332
134729:303431,9.204159999999998
134730:303492,9.204159999999998
134734:303347,9.204159999999998
134731:303706,9.204159999999998
134732:303522,9.204159999999998
