total_maintenance_cost,total_operation_cost,total_cost,total_emision,total_fuel_consumed,total_energy_consumed,total_procurement_cost
2988.1629749999997,22145.33333333334,2334.3786666666665,4051.1484202435377,1458.9866666666665,884.6502502265977,8360000.0
