total_maintenance_cost,total_operation_cost,total_cost,total_emision,total_fuel_consumed,total_energy_consumed,total_procurement_cost
2824.284225,21010.58333333334,2214.7626666666665,3908.848861646737,1384.2266666666665,931.6614544744037,9160000.0
