arrival_time,speed
18:10:00,0.0
18:11:00,15.0
18:15:00,8.591999999999661
18:21:00,27.319999999997147
18:25:00,20.519999999999925
18:28:00,14.120000000000529
18:32:00,5.351999999999805
18:36:00,13.999999999998527
