trip_id,service_id,trip_headsign,route_id,shape_id,origin,destination,start_time,end_time,road_grade,total_time,total_distance,avg_speed,avg_acceleration,stop_density,has_station,dist_to_station,time_at_station
134655:299703,299703,MISSION RD.,6,3104,Frederica & Brown,Frederica & Brown,07:25:00,08:05:00,0.0,40.0,24.07,25.253425277989997,498.50636579700046,1.2463647694225177,-,0.0,-
134656:299287,299287,MISSION RD.,6,3104,Frederica & Brown,Frederica & Brown,08:48:00,09:28:00,0.0,40.0,24.07,25.25342527798991,498.5063657969939,1.2463647694225177,-,0.0,-
134659:301600,301600,MISSION RD.,6,3104,Frederica & Brown,Frederica & Brown,12:30:00,13:10:00,0.0,40.0,24.07,25.25342527799011,498.5063657970019,1.2463647694225177,-,0.0,-
134657:300755,300755,MISSION RD.,6,3104,Frederica & Brown,Frederica & Brown,13:55:00,14:35:00,0.0,40.0,24.07,25.253425277989948,498.5063657969978,1.2463647694225177,-,0.0,-
134661:301404,301404,MISSION RD.,6,3104,Frederica & Brown,Frederica & Brown,15:05:00,15:45:00,0.0,40.0,24.07,25.253425277990058,498.50636579700506,1.2463647694225177,-,0.0,-
134660:301588,301588,MISSION RD.,6,3104,Frederica & Brown,Frederica & Brown,16:30:00,17:10:00,0.0,40.0,24.07,25.25342527798989,498.5063657970157,1.2463647694225177,-,0.0,-
134658:299728,299728,MISSION RD.,6,3104,Frederica & Brown,Frederica & Brown,17:55:00,18:35:00,0.0,40.0,24.07,25.25342527799012,498.506365797004,1.2463647694225177,-,0.0,-
