arrival_time,speed
18:10:00,0.0
18:11:00,14.600000000000554
18:11:00,15.0
18:13:00,17.320000000000668
18:15:00,8.591999999999661
18:20:00,10.9714285714291
18:21:00,27.319999999997147
18:23:00,11.76000000000054
18:25:00,20.519999999999925
18:27:00,9.960000000000363
18:28:00,14.120000000000529
18:29:00,22.79999999999994
18:32:00,5.351999999999805
18:33:00,12.880000000000456
18:36:00,13.999999999998527
